id,Interaction Type,Single-Turn-C-Result,Single-Turn-S-Result,Single-Turn-S&C-Result,Multi-Turn-C-Result,Multi-Turn-S-Result,Multi-Turn-S&C-Result
ed1bfed2,singleturn,0.0,1.0,0.0,,,
ed1bfed2,editing,,,,0.0,1.0,0.0
ed1bfed2,expansion,,,,0.0,1.0,0.0
ed1bfed2,refactor,,,,0.0,1.0,0.0
ab9b5699,singleturn,1.0,1.0,1.0,,,
ab9b5699,editing,,,,1.0,1.0,1.0
ab9b5699,expansion,,,,1.0,1.0,1.0
ab9b5699,refactor,,,,1.0,1.0,1.0
440543a2,singleturn,1.0,1.0,1.0,,,
440543a2,editing,,,,0.0,0.0,0.0
440543a2,expansion,,,,0.0,0.0,0.0
440543a2,refactor,,,,1.0,1.0,1.0
7ae6cca4,singleturn,0.0,1.0,0.0,,,
7ae6cca4,editing,,,,0.0,1.0,0.0
7ae6cca4,expansion,,,,0.0,1.0,0.0
7ae6cca4,refactor,,,,0.0,1.0,0.0
e8e75a1e,singleturn,0.0,0.0,0.0,,,
e8e75a1e,editing,,,,0.0,0.0,0.0
e8e75a1e,expansion,,,,0.0,0.0,0.0
e8e75a1e,refactor,,,,0.0,0.0,0.0
ca622bfb,singleturn,0.0,1.0,0.0,,,
ca622bfb,editing,,,,0.0,1.0,0.0
ca622bfb,expansion,,,,0.0,1.0,0.0
ca622bfb,refactor,,,,0.0,1.0,0.0
7bf964b6,singleturn,1.0,0.0,0.0,,,
7bf964b6,editing,,,,1.0,0.0,0.0
7bf964b6,expansion,,,,1.0,0.0,0.0
7bf964b6,refactor,,,,0.0,0.0,0.0
b238e9e6,singleturn,1.0,1.0,1.0,,,
b238e9e6,editing,,,,1.0,1.0,1.0
b238e9e6,expansion,,,,0.0,0.0,0.0
b238e9e6,refactor,,,,1.0,1.0,1.0
408a7e3a,singleturn,1.0,1.0,1.0,,,
408a7e3a,editing,,,,1.0,1.0,1.0
408a7e3a,expansion,,,,1.0,1.0,1.0
408a7e3a,refactor,,,,1.0,1.0,1.0
c09c0683,singleturn,1.0,1.0,1.0,,,
c09c0683,editing,,,,0.0,1.0,0.0
c09c0683,expansion,,,,1.0,1.0,1.0
c09c0683,refactor,,,,1.0,1.0,1.0
6f735ab3,singleturn,1.0,1.0,1.0,,,
6f735ab3,editing,,,,1.0,1.0,1.0
6f735ab3,expansion,,,,1.0,1.0,1.0
6f735ab3,refactor,,,,1.0,1.0,1.0
f9074187,singleturn,1.0,1.0,1.0,,,
f9074187,editing,,,,1.0,0.0,0.0
f9074187,expansion,,,,1.0,0.0,0.0
f9074187,refactor,,,,1.0,0.0,0.0
a0d85ac9,singleturn,1.0,1.0,1.0,,,
a0d85ac9,editing,,,,0.0,1.0,0.0
a0d85ac9,expansion,,,,0.0,1.0,0.0
a0d85ac9,refactor,,,,1.0,1.0,1.0
d88e2918,singleturn,0.0,1.0,0.0,,,
d88e2918,editing,,,,0.0,1.0,0.0
d88e2918,expansion,,,,0.0,1.0,0.0
d88e2918,refactor,,,,0.0,1.0,0.0
c41de366,singleturn,1.0,1.0,1.0,,,
c41de366,editing,,,,1.0,1.0,1.0
c41de366,expansion,,,,0.0,0.0,0.0
c41de366,refactor,,,,1.0,1.0,1.0
9f10b5e8,singleturn,1.0,1.0,1.0,,,
9f10b5e8,editing,,,,1.0,1.0,1.0
9f10b5e8,expansion,,,,1.0,1.0,1.0
9f10b5e8,refactor,,,,1.0,1.0,1.0
1852a580,singleturn,1.0,1.0,1.0,,,
1852a580,editing,,,,1.0,1.0,1.0
1852a580,expansion,,,,0.0,1.0,0.0
1852a580,refactor,,,,1.0,1.0,1.0
bc5b390b,singleturn,1.0,1.0,1.0,,,
bc5b390b,editing,,,,1.0,0.0,0.0
bc5b390b,expansion,,,,1.0,1.0,1.0
bc5b390b,refactor,,,,1.0,1.0,1.0
63b0efb6,singleturn,0.0,0.0,0.0,,,
63b0efb6,editing,,,,0.0,1.0,0.0
63b0efb6,expansion,,,,0.0,1.0,0.0
63b0efb6,refactor,,,,1.0,0.0,0.0
70cb5e12,singleturn,1.0,0.0,0.0,,,
70cb5e12,editing,,,,1.0,0.0,0.0
70cb5e12,expansion,,,,1.0,0.0,0.0
70cb5e12,refactor,,,,1.0,0.0,0.0
a32a09e8,singleturn,1.0,0.0,0.0,,,
a32a09e8,editing,,,,1.0,0.0,0.0
a32a09e8,expansion,,,,1.0,0.0,0.0
a32a09e8,refactor,,,,1.0,0.0,0.0
ccbb7b5a,singleturn,1.0,1.0,1.0,,,
ccbb7b5a,editing,,,,1.0,1.0,1.0
ccbb7b5a,expansion,,,,1.0,1.0,1.0
ccbb7b5a,refactor,,,,1.0,1.0,1.0
0c191a3a,singleturn,1.0,0.0,0.0,,,
0c191a3a,editing,,,,1.0,0.0,0.0
0c191a3a,expansion,,,,1.0,0.0,0.0
0c191a3a,refactor,,,,1.0,0.0,0.0
2c256c3f,singleturn,0.0,0.0,0.0,,,
2c256c3f,editing,,,,0.0,0.0,0.0
2c256c3f,expansion,,,,1.0,1.0,1.0
2c256c3f,refactor,,,,0.0,0.0,0.0
11868c71,singleturn,1.0,0.0,0.0,,,
11868c71,editing,,,,1.0,0.0,0.0
11868c71,expansion,,,,1.0,0.0,0.0
11868c71,refactor,,,,1.0,0.0,0.0
a00acf6c,singleturn,1.0,1.0,1.0,,,
a00acf6c,editing,,,,1.0,1.0,1.0
a00acf6c,expansion,,,,1.0,1.0,1.0
a00acf6c,refactor,,,,1.0,1.0,1.0
f56b18f3,singleturn,1.0,1.0,1.0,,,
f56b18f3,editing,,,,1.0,1.0,1.0
f56b18f3,expansion,,,,1.0,1.0,1.0
f56b18f3,refactor,,,,1.0,1.0,1.0
8a40e8d0,singleturn,1.0,1.0,1.0,,,
8a40e8d0,editing,,,,0.0,1.0,0.0
8a40e8d0,expansion,,,,0.0,1.0,0.0
8a40e8d0,refactor,,,,1.0,1.0,1.0
f2dfe127,singleturn,0.0,1.0,0.0,,,
f2dfe127,editing,,,,0.0,1.0,0.0
f2dfe127,expansion,,,,0.0,1.0,0.0
f2dfe127,refactor,,,,0.0,1.0,0.0
5c23b5a7,singleturn,1.0,0.0,0.0,,,
5c23b5a7,editing,,,,0.0,0.0,0.0
5c23b5a7,expansion,,,,1.0,0.0,0.0
5c23b5a7,refactor,,,,1.0,0.0,0.0
28b1137a,singleturn,0.0,1.0,0.0,,,
28b1137a,editing,,,,0.0,1.0,0.0
28b1137a,expansion,,,,0.0,1.0,0.0
28b1137a,refactor,,,,0.0,1.0,0.0
aee0053b,singleturn,1.0,1.0,1.0,,,
aee0053b,editing,,,,1.0,1.0,1.0
aee0053b,expansion,,,,1.0,1.0,1.0
aee0053b,refactor,,,,1.0,1.0,1.0
86ac3344,singleturn,1.0,1.0,1.0,,,
86ac3344,editing,,,,1.0,1.0,1.0
86ac3344,expansion,,,,1.0,1.0,1.0
86ac3344,refactor,,,,1.0,1.0,1.0
e293c99f,singleturn,1.0,1.0,1.0,,,
e293c99f,editing,,,,1.0,1.0,1.0
e293c99f,expansion,,,,1.0,0.0,0.0
e293c99f,refactor,,,,1.0,1.0,1.0
ff9191a0,singleturn,1.0,1.0,1.0,,,
ff9191a0,editing,,,,1.0,1.0,1.0
ff9191a0,expansion,,,,1.0,1.0,1.0
ff9191a0,refactor,,,,1.0,1.0,1.0
b7a1b625,singleturn,0.0,0.0,0.0,,,
b7a1b625,editing,,,,0.0,0.0,0.0
b7a1b625,expansion,,,,0.0,1.0,0.0
b7a1b625,refactor,,,,0.0,0.0,0.0
991f7747,singleturn,1.0,0.0,0.0,,,
991f7747,editing,,,,1.0,0.0,0.0
991f7747,expansion,,,,0.0,1.0,0.0
991f7747,refactor,,,,1.0,0.0,0.0
8da6c69e,singleturn,1.0,1.0,1.0,,,
8da6c69e,editing,,,,1.0,1.0,1.0
8da6c69e,expansion,,,,1.0,1.0,1.0
8da6c69e,refactor,,,,1.0,1.0,1.0
d44fa9a5,singleturn,1.0,1.0,1.0,,,
d44fa9a5,editing,,,,1.0,1.0,1.0
d44fa9a5,expansion,,,,0.0,1.0,0.0
d44fa9a5,refactor,,,,1.0,1.0,1.0
e97db310,singleturn,1.0,1.0,1.0,,,
e97db310,editing,,,,1.0,1.0,1.0
e97db310,expansion,,,,0.0,1.0,0.0
e97db310,refactor,,,,1.0,1.0,1.0
40f945c4,singleturn,0.0,0.0,0.0,,,
40f945c4,editing,,,,0.0,0.0,0.0
40f945c4,expansion,,,,1.0,1.0,1.0
40f945c4,refactor,,,,0.0,0.0,0.0
dd13dcec,singleturn,1.0,1.0,1.0,,,
dd13dcec,editing,,,,1.0,1.0,1.0
dd13dcec,expansion,,,,1.0,0.0,0.0
dd13dcec,refactor,,,,1.0,1.0,1.0
e31ca2e2,singleturn,1.0,0.0,0.0,,,
e31ca2e2,editing,,,,1.0,0.0,0.0
e31ca2e2,expansion,,,,0.0,0.0,0.0
e31ca2e2,refactor,,,,1.0,0.0,0.0
ff1a29f8,singleturn,0.0,1.0,0.0,,,
ff1a29f8,editing,,,,1.0,1.0,1.0
ff1a29f8,expansion,,,,0.0,1.0,0.0
ff1a29f8,refactor,,,,0.0,1.0,0.0
5b8fb3fc,singleturn,1.0,1.0,1.0,,,
5b8fb3fc,editing,,,,1.0,1.0,1.0
5b8fb3fc,expansion,,,,0.0,0.0,0.0
5b8fb3fc,refactor,,,,1.0,1.0,1.0
876b9f94,singleturn,0.0,1.0,0.0,,,
876b9f94,editing,,,,0.0,1.0,0.0
876b9f94,expansion,,,,0.0,1.0,0.0
876b9f94,refactor,,,,0.0,1.0,0.0
10d2d9ea,singleturn,1.0,1.0,1.0,,,
10d2d9ea,editing,,,,1.0,1.0,1.0
10d2d9ea,expansion,,,,0.0,1.0,0.0
10d2d9ea,refactor,,,,1.0,1.0,1.0
5b74f91a,singleturn,1.0,1.0,1.0,,,
5b74f91a,editing,,,,0.0,1.0,0.0
5b74f91a,expansion,,,,0.0,1.0,0.0
5b74f91a,refactor,,,,1.0,1.0,1.0
2e7710e9,singleturn,1.0,0.0,0.0,,,
2e7710e9,editing,,,,1.0,1.0,1.0
2e7710e9,expansion,,,,1.0,0.0,0.0
2e7710e9,refactor,,,,1.0,1.0,1.0
e13d3c89,singleturn,0.0,1.0,0.0,,,
e13d3c89,editing,,,,0.0,1.0,0.0
e13d3c89,expansion,,,,1.0,1.0,1.0
e13d3c89,refactor,,,,0.0,1.0,0.0
7b95201d,singleturn,1.0,0.0,0.0,,,
7b95201d,editing,,,,1.0,0.0,0.0
7b95201d,expansion,,,,1.0,0.0,0.0
7b95201d,refactor,,,,1.0,0.0,0.0
daf4d0af,singleturn,0.0,1.0,0.0,,,
daf4d0af,editing,,,,0.0,1.0,0.0
daf4d0af,expansion,,,,0.0,1.0,0.0
daf4d0af,refactor,,,,0.0,0.0,0.0
e45e19a3,singleturn,0.0,1.0,0.0,,,
e45e19a3,editing,,,,0.0,1.0,0.0
e45e19a3,expansion,,,,0.0,1.0,0.0
e45e19a3,refactor,,,,0.0,1.0,0.0
143896c0,singleturn,1.0,1.0,1.0,,,
143896c0,editing,,,,1.0,0.0,0.0
143896c0,expansion,,,,0.0,0.0,0.0
143896c0,refactor,,,,1.0,1.0,1.0
9c352ad2,singleturn,1.0,1.0,1.0,,,
9c352ad2,editing,,,,1.0,1.0,1.0
9c352ad2,expansion,,,,1.0,1.0,1.0
9c352ad2,refactor,,,,1.0,1.0,1.0
8e263fca,singleturn,1.0,1.0,1.0,,,
8e263fca,editing,,,,1.0,1.0,1.0
8e263fca,expansion,,,,0.0,0.0,0.0
8e263fca,refactor,,,,1.0,1.0,1.0
ec66cdad,singleturn,0.0,1.0,0.0,,,
ec66cdad,editing,,,,0.0,1.0,0.0
ec66cdad,expansion,,,,0.0,1.0,0.0
ec66cdad,refactor,,,,0.0,1.0,0.0
2b839576,singleturn,1.0,1.0,1.0,,,
2b839576,editing,,,,1.0,1.0,1.0
2b839576,expansion,,,,1.0,1.0,1.0
2b839576,refactor,,,,1.0,1.0,1.0
12733ba4,singleturn,1.0,1.0,1.0,,,
12733ba4,editing,,,,0.0,1.0,0.0
12733ba4,expansion,,,,1.0,1.0,1.0
12733ba4,refactor,,,,1.0,1.0,1.0
945d24f4,singleturn,1.0,1.0,1.0,,,
945d24f4,editing,,,,1.0,1.0,1.0
945d24f4,expansion,,,,1.0,1.0,1.0
945d24f4,refactor,,,,1.0,1.0,1.0
cf75919d,singleturn,1.0,1.0,1.0,,,
cf75919d,editing,,,,1.0,1.0,1.0
cf75919d,expansion,,,,0.0,1.0,0.0
cf75919d,refactor,,,,1.0,1.0,1.0
4dd3d292,singleturn,0.0,1.0,0.0,,,
4dd3d292,editing,,,,0.0,1.0,0.0
4dd3d292,expansion,,,,0.0,0.0,0.0
4dd3d292,refactor,,,,0.0,1.0,0.0
1df692a1,singleturn,1.0,1.0,1.0,,,
1df692a1,editing,,,,0.0,0.0,0.0
1df692a1,expansion,,,,1.0,1.0,1.0
1df692a1,refactor,,,,1.0,1.0,1.0
ee3e6922,singleturn,0.0,0.0,0.0,,,
ee3e6922,editing,,,,0.0,0.0,0.0
ee3e6922,expansion,,,,0.0,1.0,0.0
ee3e6922,refactor,,,,0.0,0.0,0.0
e4d0b0af,singleturn,1.0,1.0,1.0,,,
e4d0b0af,editing,,,,1.0,1.0,1.0
e4d0b0af,expansion,,,,0.0,1.0,0.0
e4d0b0af,refactor,,,,1.0,1.0,1.0
74ee1803,singleturn,1.0,1.0,1.0,,,
74ee1803,editing,,,,1.0,1.0,1.0
74ee1803,expansion,,,,1.0,1.0,1.0
74ee1803,refactor,,,,1.0,1.0,1.0
9dbc7344,singleturn,1.0,0.0,0.0,,,
9dbc7344,editing,,,,1.0,0.0,0.0
9dbc7344,expansion,,,,1.0,0.0,0.0
9dbc7344,refactor,,,,1.0,0.0,0.0
19509e25,editing,,,,0.0,0.0,0.0
19509e25,expansion,,,,1.0,1.0,1.0
19509e25,refactor,,,,0.0,0.0,0.0
506683c6,singleturn,1.0,1.0,1.0,,,
506683c6,editing,,,,1.0,1.0,1.0
506683c6,expansion,,,,1.0,1.0,1.0
506683c6,refactor,,,,1.0,1.0,1.0
f7ba502d,singleturn,1.0,1.0,1.0,,,
f7ba502d,editing,,,,1.0,1.0,1.0
f7ba502d,expansion,,,,1.0,1.0,1.0
f7ba502d,refactor,,,,1.0,1.0,1.0
19daaf2f,singleturn,0.0,1.0,0.0,,,
19daaf2f,editing,,,,0.0,1.0,0.0
19daaf2f,expansion,,,,0.0,1.0,0.0
19daaf2f,refactor,,,,1.0,1.0,1.0
0eb942b4,singleturn,1.0,0.0,0.0,,,
0eb942b4,editing,,,,1.0,0.0,0.0
0eb942b4,expansion,,,,1.0,0.0,0.0
0eb942b4,refactor,,,,1.0,0.0,0.0
3ee24789,singleturn,0.0,0.0,0.0,,,
3ee24789,editing,,,,0.0,0.0,0.0
3ee24789,expansion,,,,0.0,0.0,0.0
3ee24789,refactor,,,,0.0,0.0,0.0
9a6faf1e,singleturn,1.0,1.0,1.0,,,
9a6faf1e,editing,,,,1.0,1.0,1.0
9a6faf1e,expansion,,,,1.0,1.0,1.0
9a6faf1e,refactor,,,,1.0,1.0,1.0
72795c06,singleturn,1.0,0.0,0.0,,,
72795c06,editing,,,,1.0,0.0,0.0
72795c06,expansion,,,,1.0,0.0,0.0
72795c06,refactor,,,,1.0,0.0,0.0
ce818c62,singleturn,1.0,1.0,1.0,,,
ce818c62,editing,,,,1.0,1.0,1.0
ce818c62,expansion,,,,1.0,1.0,1.0
ce818c62,refactor,,,,1.0,1.0,1.0
731356bb,singleturn,1.0,1.0,1.0,,,
731356bb,editing,,,,1.0,1.0,1.0
731356bb,expansion,,,,0.0,0.0,0.0
731356bb,refactor,,,,1.0,1.0,1.0
372e7fce,singleturn,1.0,1.0,1.0,,,
372e7fce,editing,,,,0.0,1.0,0.0
372e7fce,expansion,,,,0.0,1.0,0.0
372e7fce,refactor,,,,0.0,1.0,0.0
79ffb622,singleturn,1.0,1.0,1.0,,,
79ffb622,editing,,,,1.0,1.0,1.0
79ffb622,expansion,,,,1.0,1.0,1.0
79ffb622,refactor,,,,1.0,1.0,1.0
86f7e463,singleturn,1.0,1.0,1.0,,,
86f7e463,editing,,,,1.0,1.0,1.0
86f7e463,expansion,,,,0.0,1.0,0.0
86f7e463,refactor,,,,1.0,1.0,1.0
43b45698,singleturn,1.0,1.0,1.0,,,
43b45698,editing,,,,0.0,1.0,0.0
43b45698,expansion,,,,1.0,0.0,0.0
43b45698,refactor,,,,1.0,1.0,1.0
c9a9d4af,singleturn,1.0,1.0,1.0,,,
c9a9d4af,editing,,,,1.0,1.0,1.0
c9a9d4af,expansion,,,,1.0,1.0,1.0
c9a9d4af,refactor,,,,1.0,1.0,1.0
f3d059aa,singleturn,0.0,0.0,0.0,,,
f3d059aa,editing,,,,1.0,1.0,1.0
f3d059aa,expansion,,,,1.0,1.0,1.0
f3d059aa,refactor,,,,0.0,0.0,0.0
ca6b9a05,singleturn,0.0,0.0,0.0,,,
ca6b9a05,editing,,,,0.0,0.0,0.0
ca6b9a05,expansion,,,,0.0,0.0,0.0
ca6b9a05,refactor,,,,0.0,0.0,0.0
0d7f6723,singleturn,1.0,1.0,1.0,,,
0d7f6723,editing,,,,0.0,0.0,0.0
0d7f6723,expansion,,,,0.0,1.0,0.0
0d7f6723,refactor,,,,1.0,1.0,1.0
d99cc9e1,singleturn,1.0,1.0,1.0,,,
d99cc9e1,editing,,,,1.0,1.0,1.0
d99cc9e1,expansion,,,,1.0,1.0,1.0
d99cc9e1,refactor,,,,1.0,1.0,1.0
8c30ab84,singleturn,1.0,1.0,1.0,,,
8c30ab84,editing,,,,1.0,1.0,1.0
8c30ab84,expansion,,,,1.0,1.0,1.0
8c30ab84,refactor,,,,1.0,1.0,1.0
485c7663,singleturn,1.0,1.0,1.0,,,
485c7663,editing,,,,1.0,1.0,1.0
485c7663,expansion,,,,1.0,1.0,1.0
485c7663,refactor,,,,1.0,1.0,1.0
c50d8266,singleturn,1.0,1.0,1.0,,,
c50d8266,editing,,,,1.0,1.0,1.0
c50d8266,expansion,,,,1.0,0.0,0.0
c50d8266,refactor,,,,1.0,1.0,1.0
defc4661,singleturn,1.0,1.0,1.0,,,
defc4661,editing,,,,0.0,0.0,0.0
defc4661,expansion,,,,0.0,1.0,0.0
defc4661,refactor,,,,1.0,1.0,1.0
023f370d,singleturn,1.0,1.0,1.0,,,
023f370d,editing,,,,0.0,0.0,0.0
023f370d,expansion,,,,0.0,0.0,0.0
023f370d,refactor,,,,1.0,1.0,1.0
73e8e3b4,singleturn,1.0,1.0,1.0,,,
73e8e3b4,editing,,,,0.0,1.0,0.0
73e8e3b4,expansion,,,,0.0,1.0,0.0
73e8e3b4,refactor,,,,1.0,1.0,1.0
61bd7625,singleturn,1.0,0.0,0.0,,,
61bd7625,editing,,,,1.0,0.0,0.0
61bd7625,expansion,,,,0.0,1.0,0.0
61bd7625,refactor,,,,1.0,0.0,0.0
cf71ea41,singleturn,1.0,0.0,0.0,,,
cf71ea41,editing,,,,0.0,1.0,0.0
cf71ea41,expansion,,,,0.0,1.0,0.0
cf71ea41,refactor,,,,0.0,1.0,0.0
a7327ca8,singleturn,0.0,1.0,0.0,,,
a7327ca8,editing,,,,1.0,1.0,1.0
a7327ca8,expansion,,,,0.0,1.0,0.0
a7327ca8,refactor,,,,1.0,1.0,1.0
d8181263,singleturn,1.0,1.0,1.0,,,
d8181263,editing,,,,1.0,1.0,1.0
d8181263,expansion,,,,1.0,0.0,0.0
d8181263,refactor,,,,1.0,1.0,1.0
7f382f55,singleturn,0.0,1.0,0.0,,,
7f382f55,editing,,,,0.0,1.0,0.0
7f382f55,expansion,,,,0.0,1.0,0.0
7f382f55,refactor,,,,0.0,1.0,0.0
ec5b25d1,singleturn,1.0,1.0,1.0,,,
ec5b25d1,editing,,,,1.0,1.0,1.0
ec5b25d1,expansion,,,,0.0,1.0,0.0
ec5b25d1,refactor,,,,1.0,1.0,1.0
56e10f35,singleturn,0.0,0.0,0.0,,,
56e10f35,editing,,,,0.0,0.0,0.0
56e10f35,expansion,,,,0.0,0.0,0.0
56e10f35,refactor,,,,0.0,0.0,0.0
280c9088,singleturn,1.0,1.0,1.0,,,
280c9088,editing,,,,1.0,1.0,1.0
280c9088,expansion,,,,1.0,1.0,1.0
280c9088,refactor,,,,1.0,1.0,1.0
732f2258,singleturn,1.0,1.0,1.0,,,
732f2258,editing,,,,1.0,1.0,1.0
732f2258,expansion,,,,1.0,1.0,1.0
732f2258,refactor,,,,1.0,1.0,1.0
51e3ae49,singleturn,1.0,1.0,1.0,,,
51e3ae49,editing,,,,1.0,1.0,1.0
51e3ae49,expansion,,,,1.0,1.0,1.0
51e3ae49,refactor,,,,1.0,1.0,1.0
fd834505,singleturn,1.0,1.0,1.0,,,
fd834505,editing,,,,1.0,1.0,1.0
fd834505,expansion,,,,1.0,1.0,1.0
fd834505,refactor,,,,1.0,1.0,1.0
a9010ecc,singleturn,1.0,1.0,1.0,,,
a9010ecc,editing,,,,1.0,1.0,1.0
a9010ecc,expansion,,,,1.0,1.0,1.0
a9010ecc,refactor,,,,0.0,1.0,0.0
ed934a30,singleturn,1.0,1.0,1.0,,,
ed934a30,editing,,,,1.0,1.0,1.0
ed934a30,expansion,,,,1.0,1.0,1.0
ed934a30,refactor,,,,1.0,1.0,1.0
54a8fe69,singleturn,1.0,1.0,1.0,,,
54a8fe69,editing,,,,1.0,1.0,1.0
54a8fe69,expansion,,,,1.0,1.0,1.0
54a8fe69,refactor,,,,1.0,1.0,1.0
08143d8a,singleturn,1.0,1.0,1.0,,,
08143d8a,editing,,,,1.0,1.0,1.0
08143d8a,expansion,,,,0.0,0.0,0.0
08143d8a,refactor,,,,1.0,1.0,1.0
9c23e2bf,singleturn,0.0,1.0,0.0,,,
9c23e2bf,editing,,,,0.0,1.0,0.0
9c23e2bf,expansion,,,,1.0,0.0,0.0
9c23e2bf,refactor,,,,0.0,1.0,0.0
73ccd972,singleturn,0.0,0.0,0.0,,,
73ccd972,editing,,,,0.0,1.0,0.0
73ccd972,expansion,,,,0.0,0.0,0.0
73ccd972,refactor,,,,0.0,0.0,0.0
e0e9af1f,singleturn,1.0,1.0,1.0,,,
e0e9af1f,editing,,,,1.0,1.0,1.0
e0e9af1f,expansion,,,,1.0,1.0,1.0
e0e9af1f,refactor,,,,1.0,1.0,1.0
e53be563,singleturn,1.0,0.0,0.0,,,
e53be563,editing,,,,1.0,0.0,0.0
e53be563,expansion,,,,0.0,0.0,0.0
e53be563,refactor,,,,1.0,0.0,0.0
3b4b7aab,singleturn,0.0,1.0,0.0,,,
3b4b7aab,editing,,,,0.0,1.0,0.0
3b4b7aab,expansion,,,,0.0,0.0,0.0
3b4b7aab,refactor,,,,0.0,1.0,0.0
c0648a46,singleturn,1.0,1.0,1.0,,,
c0648a46,editing,,,,0.0,0.0,0.0
c0648a46,expansion,,,,1.0,1.0,1.0
c0648a46,refactor,,,,1.0,1.0,1.0
5b90400f,singleturn,0.0,1.0,0.0,,,
5b90400f,editing,,,,0.0,1.0,0.0
5b90400f,expansion,,,,1.0,0.0,0.0
5b90400f,refactor,,,,1.0,1.0,1.0
7d131a59,singleturn,0.0,1.0,0.0,,,
7d131a59,editing,,,,0.0,1.0,0.0
7d131a59,expansion,,,,0.0,1.0,0.0
7d131a59,refactor,,,,0.0,1.0,0.0
3721a9c3,singleturn,0.0,0.0,0.0,,,
3721a9c3,editing,,,,0.0,0.0,0.0
3721a9c3,expansion,,,,0.0,0.0,0.0
3721a9c3,refactor,,,,0.0,0.0,0.0
a7c7ed85,singleturn,1.0,1.0,1.0,,,
a7c7ed85,editing,,,,1.0,1.0,1.0
a7c7ed85,expansion,,,,1.0,1.0,1.0
a7c7ed85,refactor,,,,1.0,1.0,1.0
fa5c2494,singleturn,1.0,1.0,1.0,,,
fa5c2494,editing,,,,1.0,1.0,1.0
fa5c2494,expansion,,,,1.0,0.0,0.0
fa5c2494,refactor,,,,1.0,1.0,1.0
f7361e99,singleturn,1.0,1.0,1.0,,,
f7361e99,editing,,,,1.0,1.0,1.0
f7361e99,expansion,,,,1.0,1.0,1.0
f7361e99,refactor,,,,1.0,1.0,1.0
a761ff64,singleturn,0.0,1.0,0.0,,,
a761ff64,editing,,,,0.0,1.0,0.0
a761ff64,expansion,,,,1.0,1.0,1.0
a761ff64,refactor,,,,0.0,1.0,0.0
454a6237,singleturn,1.0,0.0,0.0,,,
454a6237,editing,,,,1.0,0.0,0.0
454a6237,expansion,,,,1.0,0.0,0.0
454a6237,refactor,,,,1.0,0.0,0.0
138d5230,singleturn,1.0,1.0,1.0,,,
138d5230,editing,,,,1.0,1.0,1.0
138d5230,expansion,,,,1.0,1.0,1.0
138d5230,refactor,,,,1.0,1.0,1.0
a8923cd2,singleturn,0.0,0.0,0.0,,,
a8923cd2,editing,,,,0.0,0.0,0.0
a8923cd2,expansion,,,,1.0,0.0,0.0
a8923cd2,refactor,,,,0.0,0.0,0.0
fc352f18,singleturn,1.0,1.0,1.0,,,
fc352f18,editing,,,,1.0,1.0,1.0
fc352f18,expansion,,,,1.0,1.0,1.0
fc352f18,refactor,,,,1.0,1.0,1.0
4d7b9632,singleturn,0.0,0.0,0.0,,,
4d7b9632,editing,,,,1.0,1.0,1.0
4d7b9632,expansion,,,,1.0,1.0,1.0
4d7b9632,refactor,,,,1.0,1.0,1.0
8fa8fe45,singleturn,0.0,1.0,0.0,,,
8fa8fe45,editing,,,,0.0,0.0,0.0
8fa8fe45,expansion,,,,0.0,1.0,0.0
8fa8fe45,refactor,,,,0.0,0.0,0.0
3bd2d401,singleturn,1.0,0.0,0.0,,,
3bd2d401,editing,,,,1.0,1.0,1.0
3bd2d401,expansion,,,,1.0,0.0,0.0
3bd2d401,refactor,,,,1.0,0.0,0.0
93e5c5fe,singleturn,1.0,1.0,1.0,,,
93e5c5fe,editing,,,,1.0,1.0,1.0
93e5c5fe,expansion,,,,0.0,1.0,0.0
93e5c5fe,refactor,,,,1.0,1.0,1.0
9d1764f3,singleturn,1.0,1.0,1.0,,,
9d1764f3,editing,,,,1.0,1.0,1.0
9d1764f3,expansion,,,,1.0,1.0,1.0
9d1764f3,refactor,,,,1.0,1.0,1.0
7886d9ec,singleturn,1.0,1.0,1.0,,,
7886d9ec,editing,,,,1.0,1.0,1.0
7886d9ec,expansion,,,,1.0,1.0,1.0
7886d9ec,refactor,,,,1.0,1.0,1.0
31806d42,singleturn,1.0,1.0,1.0,,,
31806d42,editing,,,,1.0,1.0,1.0
31806d42,expansion,,,,0.0,1.0,0.0
31806d42,refactor,,,,1.0,1.0,1.0
3c6d5b30,singleturn,1.0,1.0,1.0,,,
3c6d5b30,editing,,,,1.0,1.0,1.0
3c6d5b30,expansion,,,,1.0,1.0,1.0
3c6d5b30,refactor,,,,1.0,1.0,1.0
747d30e2,singleturn,0.0,0.0,0.0,,,
747d30e2,editing,,,,0.0,0.0,0.0
747d30e2,expansion,,,,0.0,0.0,0.0
747d30e2,refactor,,,,0.0,0.0,0.0
7aba182f,singleturn,1.0,1.0,1.0,,,
7aba182f,editing,,,,1.0,1.0,1.0
7aba182f,expansion,,,,1.0,1.0,1.0
7aba182f,refactor,,,,1.0,1.0,1.0
5c05abbc,singleturn,1.0,0.0,0.0,,,
5c05abbc,editing,,,,1.0,1.0,1.0
5c05abbc,expansion,,,,0.0,1.0,0.0
5c05abbc,refactor,,,,1.0,0.0,0.0
f9640114,singleturn,1.0,1.0,1.0,,,
f9640114,editing,,,,1.0,1.0,1.0
f9640114,expansion,,,,1.0,0.0,0.0
f9640114,refactor,,,,1.0,1.0,1.0
9e1edd81,singleturn,1.0,1.0,1.0,,,
9e1edd81,editing,,,,1.0,1.0,1.0
9e1edd81,expansion,,,,1.0,1.0,1.0
9e1edd81,refactor,,,,1.0,1.0,1.0
c6c49d63,singleturn,0.0,1.0,0.0,,,
c6c49d63,editing,,,,1.0,1.0,1.0
c6c49d63,expansion,,,,0.0,1.0,0.0
c6c49d63,refactor,,,,1.0,1.0,1.0
51720b08,singleturn,1.0,1.0,1.0,,,
51720b08,editing,,,,1.0,1.0,1.0
51720b08,expansion,,,,1.0,0.0,0.0
51720b08,refactor,,,,1.0,0.0,0.0
2c4f4f0b,singleturn,1.0,1.0,1.0,,,
2c4f4f0b,editing,,,,1.0,1.0,1.0
2c4f4f0b,expansion,,,,1.0,0.0,0.0
2c4f4f0b,refactor,,,,1.0,1.0,1.0
08772571,singleturn,0.0,1.0,0.0,,,
08772571,editing,,,,0.0,1.0,0.0
08772571,expansion,,,,0.0,1.0,0.0
08772571,refactor,,,,0.0,1.0,0.0
5558b75d,singleturn,1.0,0.0,0.0,,,
5558b75d,editing,,,,1.0,0.0,0.0
5558b75d,expansion,,,,1.0,0.0,0.0
5558b75d,refactor,,,,0.0,0.0,0.0
5988bdd4,singleturn,1.0,0.0,0.0,,,
5988bdd4,editing,,,,0.0,1.0,0.0
5988bdd4,expansion,,,,0.0,0.0,0.0
5988bdd4,refactor,,,,1.0,0.0,0.0
b4488bec,singleturn,1.0,1.0,1.0,,,
b4488bec,editing,,,,1.0,1.0,1.0
b4488bec,expansion,,,,1.0,1.0,1.0
b4488bec,refactor,,,,1.0,1.0,1.0
ca3975ca,singleturn,0.0,1.0,0.0,,,
ca3975ca,editing,,,,0.0,1.0,0.0
ca3975ca,expansion,,,,0.0,1.0,0.0
ca3975ca,refactor,,,,1.0,1.0,1.0
9e52c4ea,singleturn,1.0,1.0,1.0,,,
9e52c4ea,editing,,,,1.0,0.0,0.0
9e52c4ea,expansion,,,,0.0,1.0,0.0
9e52c4ea,refactor,,,,1.0,1.0,1.0
40930348,singleturn,1.0,1.0,1.0,,,
40930348,editing,,,,1.0,1.0,1.0
40930348,expansion,,,,0.0,0.0,0.0
40930348,refactor,,,,1.0,1.0,1.0
9731995c,singleturn,1.0,1.0,1.0,,,
9731995c,editing,,,,0.0,1.0,0.0
9731995c,expansion,,,,1.0,1.0,1.0
9731995c,refactor,,,,1.0,1.0,1.0
5a639565,singleturn,1.0,1.0,1.0,,,
5a639565,editing,,,,1.0,1.0,1.0
5a639565,expansion,,,,1.0,1.0,1.0
5a639565,refactor,,,,1.0,1.0,1.0
991162f1,singleturn,1.0,1.0,1.0,,,
991162f1,editing,,,,1.0,0.0,0.0
991162f1,expansion,,,,0.0,0.0,0.0
991162f1,refactor,,,,1.0,1.0,1.0
e1c4a930,singleturn,0.0,1.0,0.0,,,
e1c4a930,editing,,,,0.0,1.0,0.0
e1c4a930,expansion,,,,0.0,1.0,0.0
e1c4a930,refactor,,,,0.0,1.0,0.0
ce9f974c,singleturn,0.0,1.0,0.0,,,
ce9f974c,editing,,,,0.0,1.0,0.0
ce9f974c,expansion,,,,0.0,1.0,0.0
ce9f974c,refactor,,,,0.0,1.0,0.0
a20cb345,singleturn,1.0,1.0,1.0,,,
a20cb345,editing,,,,1.0,1.0,1.0
a20cb345,expansion,,,,1.0,0.0,0.0
a20cb345,refactor,,,,1.0,1.0,1.0
fb6d2ddf,singleturn,0.0,1.0,0.0,,,
fb6d2ddf,editing,,,,0.0,1.0,0.0
fb6d2ddf,expansion,,,,0.0,1.0,0.0
fb6d2ddf,refactor,,,,0.0,1.0,0.0
e3c0f8fe,singleturn,0.0,1.0,0.0,,,
e3c0f8fe,editing,,,,0.0,1.0,0.0
e3c0f8fe,expansion,,,,0.0,1.0,0.0
e3c0f8fe,refactor,,,,0.0,1.0,0.0
a266e70f,singleturn,1.0,1.0,1.0,,,
a266e70f,editing,,,,1.0,0.0,0.0
a266e70f,expansion,,,,0.0,1.0,0.0
a266e70f,refactor,,,,1.0,1.0,1.0
578a441f,singleturn,1.0,0.0,0.0,,,
578a441f,editing,,,,0.0,0.0,0.0
578a441f,expansion,,,,0.0,0.0,0.0
578a441f,refactor,,,,1.0,1.0,1.0
1727b693,singleturn,0.0,1.0,0.0,,,
1727b693,editing,,,,0.0,1.0,0.0
1727b693,expansion,,,,0.0,1.0,0.0
1727b693,refactor,,,,0.0,1.0,0.0
93c18d5e,singleturn,0.0,0.0,0.0,,,
93c18d5e,editing,,,,0.0,0.0,0.0
93c18d5e,expansion,,,,0.0,1.0,0.0
93c18d5e,refactor,,,,0.0,0.0,0.0
ece9c209,singleturn,1.0,1.0,1.0,,,
ece9c209,editing,,,,1.0,1.0,1.0
ece9c209,expansion,,,,1.0,1.0,1.0
ece9c209,refactor,,,,1.0,1.0,1.0
85b9ff82,singleturn,1.0,1.0,1.0,,,
85b9ff82,editing,,,,1.0,0.0,0.0
85b9ff82,expansion,,,,1.0,0.0,0.0
85b9ff82,refactor,,,,1.0,1.0,1.0
41a02c26,singleturn,0.0,0.0,0.0,,,
41a02c26,editing,,,,0.0,0.0,0.0
41a02c26,expansion,,,,0.0,0.0,0.0
41a02c26,refactor,,,,0.0,0.0,0.0
95b19d18,singleturn,1.0,1.0,1.0,,,
95b19d18,editing,,,,0.0,1.0,0.0
95b19d18,expansion,,,,1.0,1.0,1.0
95b19d18,refactor,,,,1.0,1.0,1.0
928d3730,singleturn,1.0,1.0,1.0,,,
928d3730,editing,,,,0.0,1.0,0.0
928d3730,expansion,,,,0.0,1.0,0.0
928d3730,refactor,,,,1.0,1.0,1.0
d98d91fe,singleturn,1.0,1.0,1.0,,,
d98d91fe,editing,,,,1.0,1.0,1.0
d98d91fe,expansion,,,,1.0,1.0,1.0
d98d91fe,refactor,,,,1.0,1.0,1.0
0433236d,singleturn,1.0,1.0,1.0,,,
0433236d,editing,,,,1.0,1.0,1.0
0433236d,expansion,,,,1.0,1.0,1.0
0433236d,refactor,,,,1.0,1.0,1.0
c86ec4fc,singleturn,1.0,1.0,1.0,,,
c86ec4fc,editing,,,,1.0,1.0,1.0
c86ec4fc,expansion,,,,0.0,1.0,0.0
c86ec4fc,refactor,,,,1.0,1.0,1.0
290c8b99,singleturn,1.0,0.0,0.0,,,
290c8b99,editing,,,,1.0,0.0,0.0
290c8b99,expansion,,,,1.0,0.0,0.0
290c8b99,refactor,,,,1.0,0.0,0.0
81a794b7,singleturn,1.0,1.0,1.0,,,
81a794b7,editing,,,,1.0,1.0,1.0
81a794b7,expansion,,,,0.0,1.0,0.0
81a794b7,refactor,,,,1.0,1.0,1.0
8e447133,singleturn,1.0,1.0,1.0,,,
8e447133,editing,,,,0.0,1.0,0.0
8e447133,expansion,,,,0.0,1.0,0.0
8e447133,refactor,,,,1.0,1.0,1.0
badea65b,singleturn,1.0,1.0,1.0,,,
badea65b,editing,,,,1.0,1.0,1.0
badea65b,expansion,,,,1.0,1.0,1.0
badea65b,refactor,,,,1.0,1.0,1.0
87c1f587,singleturn,0.0,0.0,0.0,,,
87c1f587,editing,,,,0.0,0.0,0.0
87c1f587,expansion,,,,0.0,0.0,0.0
87c1f587,refactor,,,,0.0,0.0,0.0
cade7b1a,singleturn,1.0,1.0,1.0,,,
cade7b1a,editing,,,,1.0,1.0,1.0
cade7b1a,expansion,,,,0.0,0.0,0.0
cade7b1a,refactor,,,,1.0,1.0,1.0
08e119bd,singleturn,1.0,1.0,1.0,,,
08e119bd,editing,,,,1.0,1.0,1.0
08e119bd,expansion,,,,0.0,1.0,0.0
08e119bd,refactor,,,,1.0,1.0,1.0
70ac9c72,singleturn,1.0,0.0,0.0,,,
70ac9c72,editing,,,,1.0,0.0,0.0
70ac9c72,expansion,,,,0.0,1.0,0.0
70ac9c72,refactor,,,,1.0,0.0,0.0
77a07ff3,singleturn,1.0,1.0,1.0,,,
77a07ff3,editing,,,,1.0,1.0,1.0
77a07ff3,expansion,,,,1.0,1.0,1.0
77a07ff3,refactor,,,,1.0,1.0,1.0
3d67a3ba,singleturn,1.0,0.0,0.0,,,
3d67a3ba,editing,,,,1.0,0.0,0.0
3d67a3ba,expansion,,,,1.0,0.0,0.0
3d67a3ba,refactor,,,,1.0,0.0,0.0
669f3130,singleturn,1.0,1.0,1.0,,,
669f3130,editing,,,,1.0,1.0,1.0
669f3130,expansion,,,,1.0,1.0,1.0
669f3130,refactor,,,,1.0,1.0,1.0
e76322b5,singleturn,0.0,1.0,0.0,,,
e76322b5,editing,,,,0.0,1.0,0.0
e76322b5,expansion,,,,0.0,1.0,0.0
e76322b5,refactor,,,,0.0,1.0,0.0
f1029529,singleturn,1.0,1.0,1.0,,,
f1029529,editing,,,,1.0,1.0,1.0
f1029529,expansion,,,,0.0,1.0,0.0
f1029529,refactor,,,,0.0,1.0,0.0
4bb4f31d,singleturn,1.0,0.0,0.0,,,
4bb4f31d,editing,,,,1.0,0.0,0.0
4bb4f31d,expansion,,,,1.0,0.0,0.0
4bb4f31d,refactor,,,,1.0,0.0,0.0
134f1a9c,singleturn,1.0,1.0,1.0,,,
134f1a9c,editing,,,,1.0,1.0,1.0
134f1a9c,expansion,,,,1.0,1.0,1.0
134f1a9c,refactor,,,,1.0,1.0,1.0
9c5733f0,singleturn,0.0,1.0,0.0,,,
9c5733f0,editing,,,,0.0,1.0,0.0
9c5733f0,expansion,,,,0.0,1.0,0.0
9c5733f0,refactor,,,,0.0,1.0,0.0
057cad17,singleturn,1.0,1.0,1.0,,,
057cad17,editing,,,,1.0,1.0,1.0
057cad17,expansion,,,,0.0,0.0,0.0
057cad17,refactor,,,,1.0,1.0,1.0
d796ed7c,singleturn,1.0,1.0,1.0,,,
d796ed7c,editing,,,,1.0,0.0,0.0
d796ed7c,expansion,,,,1.0,1.0,1.0
d796ed7c,refactor,,,,1.0,1.0,1.0
b8be0b55,singleturn,1.0,1.0,1.0,,,
b8be0b55,editing,,,,1.0,1.0,1.0
b8be0b55,expansion,,,,1.0,0.0,0.0
b8be0b55,refactor,,,,1.0,1.0,1.0
fbc32825,singleturn,1.0,1.0,1.0,,,
fbc32825,editing,,,,0.0,0.0,0.0
fbc32825,expansion,,,,0.0,0.0,0.0
fbc32825,refactor,,,,0.0,0.0,0.0
4813126c,singleturn,1.0,1.0,1.0,,,
4813126c,editing,,,,1.0,1.0,1.0
4813126c,expansion,,,,1.0,1.0,1.0
4813126c,refactor,,,,1.0,1.0,1.0
e28bb9e0,singleturn,1.0,1.0,1.0,,,
e28bb9e0,editing,,,,1.0,1.0,1.0
e28bb9e0,expansion,,,,1.0,1.0,1.0
e28bb9e0,refactor,,,,1.0,1.0,1.0
4fa640c1,singleturn,1.0,1.0,1.0,,,
4fa640c1,editing,,,,1.0,1.0,1.0
4fa640c1,expansion,,,,0.0,1.0,0.0
4fa640c1,refactor,,,,1.0,1.0,1.0
052306ff,singleturn,1.0,1.0,1.0,,,
052306ff,editing,,,,1.0,1.0,1.0
052306ff,expansion,,,,1.0,1.0,1.0
052306ff,refactor,,,,1.0,1.0,1.0
5c7df4b2,singleturn,0.0,1.0,0.0,,,
5c7df4b2,editing,,,,0.0,1.0,0.0
5c7df4b2,expansion,,,,0.0,0.0,0.0
5c7df4b2,refactor,,,,0.0,1.0,0.0
0a873119,singleturn,0.0,1.0,0.0,,,
0a873119,editing,,,,1.0,0.0,0.0
0a873119,expansion,,,,0.0,0.0,0.0
0a873119,refactor,,,,1.0,1.0,1.0
82ac9e30,singleturn,0.0,1.0,0.0,,,
82ac9e30,editing,,,,0.0,1.0,0.0
82ac9e30,expansion,,,,0.0,1.0,0.0
82ac9e30,refactor,,,,0.0,1.0,0.0
23f64fdc,singleturn,1.0,1.0,1.0,,,
23f64fdc,editing,,,,1.0,0.0,0.0
23f64fdc,expansion,,,,1.0,0.0,0.0
23f64fdc,refactor,,,,1.0,1.0,1.0
6c82b51f,singleturn,1.0,1.0,1.0,,,
6c82b51f,editing,,,,1.0,1.0,1.0
6c82b51f,expansion,,,,1.0,0.0,0.0
6c82b51f,refactor,,,,1.0,1.0,1.0
232cae43,singleturn,1.0,0.0,0.0,,,
232cae43,editing,,,,0.0,0.0,0.0
232cae43,expansion,,,,1.0,0.0,0.0
232cae43,refactor,,,,1.0,0.0,0.0
0a79ca88,singleturn,1.0,1.0,1.0,,,
0a79ca88,editing,,,,0.0,1.0,0.0
0a79ca88,expansion,,,,0.0,0.0,0.0
0a79ca88,refactor,,,,1.0,1.0,1.0
831d4701,singleturn,0.0,1.0,0.0,,,
831d4701,editing,,,,0.0,0.0,0.0
831d4701,expansion,,,,0.0,1.0,0.0
831d4701,refactor,,,,0.0,0.0,0.0
4b9d2a78,singleturn,1.0,1.0,1.0,,,
4b9d2a78,editing,,,,1.0,1.0,1.0
4b9d2a78,expansion,,,,1.0,0.0,0.0
4b9d2a78,refactor,,,,1.0,1.0,1.0
ce5fdd5a,singleturn,1.0,1.0,1.0,,,
ce5fdd5a,editing,,,,1.0,1.0,1.0
ce5fdd5a,expansion,,,,0.0,1.0,0.0
ce5fdd5a,refactor,,,,1.0,1.0,1.0
bd706076,singleturn,1.0,1.0,1.0,,,
bd706076,editing,,,,1.0,1.0,1.0
bd706076,expansion,,,,1.0,1.0,1.0
bd706076,refactor,,,,1.0,1.0,1.0
342ff595,singleturn,1.0,1.0,1.0,,,
342ff595,editing,,,,1.0,1.0,1.0
342ff595,expansion,,,,0.0,1.0,0.0
342ff595,refactor,,,,1.0,1.0,1.0
ba578a28,singleturn,1.0,1.0,1.0,,,
ba578a28,editing,,,,1.0,1.0,1.0
ba578a28,expansion,,,,1.0,1.0,1.0
ba578a28,refactor,,,,1.0,1.0,1.0
1adc9703,singleturn,1.0,1.0,1.0,,,
1adc9703,editing,,,,0.0,1.0,0.0
1adc9703,expansion,,,,0.0,1.0,0.0
1adc9703,refactor,,,,1.0,1.0,1.0
3b3e57d2,singleturn,1.0,1.0,1.0,,,
3b3e57d2,editing,,,,1.0,1.0,1.0
3b3e57d2,expansion,,,,1.0,1.0,1.0
3b3e57d2,refactor,,,,1.0,1.0,1.0
52a4ee5d,singleturn,0.0,0.0,0.0,,,
52a4ee5d,editing,,,,0.0,0.0,0.0
52a4ee5d,expansion,,,,0.0,0.0,0.0
52a4ee5d,refactor,,,,0.0,0.0,0.0
fede687b,singleturn,0.0,1.0,0.0,,,
fede687b,editing,,,,0.0,1.0,0.0
fede687b,expansion,,,,0.0,1.0,0.0
fede687b,refactor,,,,0.0,1.0,0.0
f716b8cb,singleturn,0.0,1.0,0.0,,,
f716b8cb,editing,,,,1.0,1.0,1.0
f716b8cb,expansion,,,,1.0,1.0,1.0
f716b8cb,refactor,,,,0.0,1.0,0.0
2f1844f4,singleturn,1.0,0.0,0.0,,,
2f1844f4,editing,,,,1.0,0.0,0.0
2f1844f4,expansion,,,,0.0,1.0,0.0
2f1844f4,refactor,,,,1.0,0.0,0.0
fc3e80b7,singleturn,0.0,1.0,0.0,,,
fc3e80b7,editing,,,,0.0,1.0,0.0
fc3e80b7,expansion,,,,0.0,0.0,0.0
fc3e80b7,refactor,,,,0.0,1.0,0.0
f5ac2366,singleturn,1.0,1.0,1.0,,,
f5ac2366,editing,,,,1.0,1.0,1.0
f5ac2366,expansion,,,,1.0,1.0,1.0
f5ac2366,refactor,,,,1.0,1.0,1.0
c4c9c696,singleturn,1.0,1.0,1.0,,,
c4c9c696,editing,,,,1.0,0.0,0.0
c4c9c696,expansion,,,,0.0,0.0,0.0
c4c9c696,refactor,,,,1.0,1.0,1.0
8a6e9dfc,singleturn,0.0,1.0,0.0,,,
8a6e9dfc,editing,,,,0.0,1.0,0.0
8a6e9dfc,expansion,,,,1.0,1.0,1.0
8a6e9dfc,refactor,,,,0.0,1.0,0.0
89c2081a,singleturn,0.0,1.0,0.0,,,
89c2081a,editing,,,,0.0,1.0,0.0
89c2081a,expansion,,,,0.0,1.0,0.0
89c2081a,refactor,,,,0.0,1.0,0.0
488785c6,singleturn,0.0,0.0,0.0,,,
488785c6,editing,,,,1.0,1.0,1.0
488785c6,expansion,,,,1.0,1.0,1.0
488785c6,refactor,,,,0.0,0.0,0.0
0fe544c5,singleturn,1.0,1.0,1.0,,,
0fe544c5,editing,,,,1.0,1.0,1.0
0fe544c5,expansion,,,,0.0,1.0,0.0
0fe544c5,refactor,,,,0.0,0.0,0.0
876304f2,singleturn,1.0,1.0,1.0,,,
876304f2,editing,,,,1.0,1.0,1.0
876304f2,expansion,,,,1.0,1.0,1.0
876304f2,refactor,,,,1.0,1.0,1.0
fc70d3cc,singleturn,1.0,0.0,0.0,,,
fc70d3cc,editing,,,,0.0,0.0,0.0
fc70d3cc,expansion,,,,1.0,0.0,0.0
fc70d3cc,refactor,,,,1.0,0.0,0.0
882850d5,singleturn,1.0,0.0,0.0,,,
882850d5,editing,,,,1.0,0.0,0.0
882850d5,expansion,,,,1.0,0.0,0.0
882850d5,refactor,,,,1.0,0.0,0.0
9dd43b2a,singleturn,0.0,1.0,0.0,,,
9dd43b2a,editing,,,,0.0,1.0,0.0
9dd43b2a,expansion,,,,0.0,1.0,0.0
9dd43b2a,refactor,,,,0.0,1.0,0.0
fe31e00e,singleturn,0.0,1.0,0.0,,,
fe31e00e,editing,,,,0.0,1.0,0.0
fe31e00e,expansion,,,,0.0,1.0,0.0
fe31e00e,refactor,,,,0.0,1.0,0.0
89b5f762,singleturn,1.0,1.0,1.0,,,
89b5f762,editing,,,,1.0,1.0,1.0
89b5f762,expansion,,,,1.0,0.0,0.0
89b5f762,refactor,,,,1.0,1.0,1.0
7688498f,singleturn,0.0,1.0,0.0,,,
7688498f,editing,,,,0.0,0.0,0.0
7688498f,expansion,,,,0.0,0.0,0.0
7688498f,refactor,,,,0.0,0.0,0.0
f9bad77a,singleturn,1.0,1.0,1.0,,,
f9bad77a,editing,,,,0.0,0.0,0.0
f9bad77a,expansion,,,,0.0,0.0,0.0
f9bad77a,refactor,,,,1.0,1.0,1.0
85366ea8,singleturn,1.0,1.0,1.0,,,
85366ea8,editing,,,,1.0,1.0,1.0
85366ea8,expansion,,,,1.0,1.0,1.0
85366ea8,refactor,,,,1.0,1.0,1.0
44f5ee33,singleturn,0.0,1.0,0.0,,,
44f5ee33,editing,,,,0.0,1.0,0.0
44f5ee33,expansion,,,,0.0,1.0,0.0
44f5ee33,refactor,,,,0.0,1.0,0.0
061269d1,singleturn,1.0,1.0,1.0,,,
061269d1,editing,,,,1.0,1.0,1.0
061269d1,expansion,,,,1.0,1.0,1.0
061269d1,refactor,,,,1.0,1.0,1.0
2d4ae41b,singleturn,1.0,1.0,1.0,,,
2d4ae41b,editing,,,,1.0,1.0,1.0
2d4ae41b,expansion,,,,1.0,1.0,1.0
2d4ae41b,refactor,,,,1.0,1.0,1.0
678852a1,singleturn,1.0,1.0,1.0,,,
678852a1,editing,,,,1.0,1.0,1.0
678852a1,expansion,,,,0.0,1.0,0.0
678852a1,refactor,,,,1.0,1.0,1.0
2296cdab,singleturn,1.0,1.0,1.0,,,
2296cdab,editing,,,,1.0,1.0,1.0
2296cdab,expansion,,,,1.0,1.0,1.0
2296cdab,refactor,,,,0.0,0.0,0.0
d587e3fa,singleturn,1.0,1.0,1.0,,,
d587e3fa,editing,,,,1.0,1.0,1.0
d587e3fa,expansion,,,,1.0,1.0,1.0
d587e3fa,refactor,,,,1.0,1.0,1.0
99b83ea3,singleturn,1.0,1.0,1.0,,,
99b83ea3,editing,,,,1.0,1.0,1.0
99b83ea3,expansion,,,,1.0,0.0,0.0
99b83ea3,refactor,,,,1.0,1.0,1.0
d5ef063a,singleturn,1.0,1.0,1.0,,,
d5ef063a,editing,,,,1.0,1.0,1.0
d5ef063a,expansion,,,,1.0,0.0,0.0
d5ef063a,refactor,,,,1.0,1.0,1.0
b8d8c666,singleturn,1.0,1.0,1.0,,,
b8d8c666,editing,,,,0.0,0.0,0.0
b8d8c666,expansion,,,,1.0,0.0,0.0
b8d8c666,refactor,,,,1.0,1.0,1.0
f37ce0b1,singleturn,1.0,1.0,1.0,,,
f37ce0b1,editing,,,,1.0,1.0,1.0
f37ce0b1,expansion,,,,1.0,1.0,1.0
f37ce0b1,refactor,,,,1.0,1.0,1.0
9ebf86f0,singleturn,1.0,0.0,0.0,,,
9ebf86f0,editing,,,,1.0,0.0,0.0
9ebf86f0,expansion,,,,1.0,1.0,1.0
9ebf86f0,refactor,,,,1.0,1.0,1.0
eceab86b,singleturn,1.0,0.0,0.0,,,
eceab86b,editing,,,,1.0,1.0,1.0
eceab86b,expansion,,,,1.0,1.0,1.0
eceab86b,refactor,,,,0.0,0.0,0.0
13db34f9,singleturn,1.0,1.0,1.0,,,
13db34f9,editing,,,,1.0,1.0,1.0
13db34f9,expansion,,,,1.0,1.0,1.0
13db34f9,refactor,,,,1.0,1.0,1.0
d0bd825a,singleturn,1.0,1.0,1.0,,,
d0bd825a,editing,,,,0.0,0.0,0.0
d0bd825a,expansion,,,,0.0,0.0,0.0
d0bd825a,refactor,,,,1.0,1.0,1.0
ee553ec9,singleturn,1.0,0.0,0.0,,,
ee553ec9,editing,,,,1.0,1.0,1.0
ee553ec9,expansion,,,,1.0,1.0,1.0
ee553ec9,refactor,,,,1.0,1.0,1.0
b0cbc92c,singleturn,0.0,1.0,0.0,,,
b0cbc92c,editing,,,,0.0,1.0,0.0
b0cbc92c,expansion,,,,0.0,1.0,0.0
b0cbc92c,refactor,,,,0.0,1.0,0.0
630a15ef,singleturn,1.0,1.0,1.0,,,
630a15ef,editing,,,,1.0,1.0,1.0
630a15ef,expansion,,,,1.0,1.0,1.0
630a15ef,refactor,,,,1.0,1.0,1.0
1afc04b4,singleturn,0.0,0.0,0.0,,,
1afc04b4,editing,,,,1.0,0.0,0.0
1afc04b4,expansion,,,,1.0,0.0,0.0
1afc04b4,refactor,,,,1.0,0.0,0.0
0e6135e7,singleturn,0.0,1.0,0.0,,,
0e6135e7,editing,,,,0.0,1.0,0.0
0e6135e7,expansion,,,,0.0,0.0,0.0
0e6135e7,refactor,,,,0.0,0.0,0.0
201056af,singleturn,1.0,1.0,1.0,,,
201056af,editing,,,,0.0,0.0,0.0
201056af,expansion,,,,0.0,0.0,0.0
201056af,refactor,,,,1.0,1.0,1.0
79b1ce97,singleturn,1.0,1.0,1.0,,,
79b1ce97,editing,,,,0.0,0.0,0.0
79b1ce97,expansion,,,,0.0,0.0,0.0
79b1ce97,refactor,,,,1.0,1.0,1.0
1753a93f,singleturn,0.0,0.0,0.0,,,
1753a93f,editing,,,,0.0,0.0,0.0
1753a93f,expansion,,,,0.0,0.0,0.0
1753a93f,refactor,,,,0.0,0.0,0.0
2e77a38b,singleturn,1.0,0.0,0.0,,,
2e77a38b,editing,,,,1.0,0.0,0.0
2e77a38b,expansion,,,,1.0,0.0,0.0
2e77a38b,refactor,,,,1.0,0.0,0.0
8f7b9fd5,singleturn,1.0,1.0,1.0,,,
8f7b9fd5,editing,,,,0.0,1.0,0.0
8f7b9fd5,expansion,,,,0.0,0.0,0.0
8f7b9fd5,refactor,,,,1.0,1.0,1.0
df4b8880,singleturn,0.0,1.0,0.0,,,
df4b8880,editing,,,,0.0,1.0,0.0
df4b8880,expansion,,,,1.0,1.0,1.0
df4b8880,refactor,,,,0.0,1.0,0.0
bde2c2ba,singleturn,1.0,1.0,1.0,,,
bde2c2ba,editing,,,,1.0,1.0,1.0
bde2c2ba,expansion,,,,1.0,1.0,1.0
bde2c2ba,refactor,,,,1.0,1.0,1.0
35f348c2,singleturn,1.0,0.0,0.0,,,
35f348c2,editing,,,,0.0,1.0,0.0
35f348c2,expansion,,,,1.0,0.0,0.0
35f348c2,refactor,,,,1.0,0.0,0.0
47690193,singleturn,1.0,1.0,1.0,,,
47690193,editing,,,,1.0,1.0,1.0
47690193,expansion,,,,1.0,1.0,1.0
47690193,refactor,,,,1.0,1.0,1.0
2b0fb953,singleturn,1.0,0.0,0.0,,,
2b0fb953,editing,,,,1.0,1.0,1.0
2b0fb953,expansion,,,,1.0,1.0,1.0
2b0fb953,refactor,,,,1.0,0.0,0.0
3ac08383,singleturn,1.0,0.0,0.0,,,
3ac08383,editing,,,,1.0,0.0,0.0
3ac08383,expansion,,,,0.0,1.0,0.0
3ac08383,refactor,,,,1.0,0.0,0.0
ec467db2,singleturn,1.0,1.0,1.0,,,
ec467db2,editing,,,,0.0,1.0,0.0
ec467db2,expansion,,,,0.0,1.0,0.0
ec467db2,refactor,,,,1.0,1.0,1.0
40fc54b4,singleturn,1.0,1.0,1.0,,,
40fc54b4,editing,,,,1.0,1.0,1.0
40fc54b4,expansion,,,,1.0,1.0,1.0
40fc54b4,refactor,,,,1.0,1.0,1.0
e497edea,singleturn,1.0,1.0,1.0,,,
e497edea,editing,,,,1.0,1.0,1.0
e497edea,expansion,,,,1.0,1.0,1.0
e497edea,refactor,,,,1.0,1.0,1.0
8a9bbae0,singleturn,1.0,0.0,0.0,,,
8a9bbae0,editing,,,,1.0,0.0,0.0
8a9bbae0,expansion,,,,1.0,0.0,0.0
8a9bbae0,refactor,,,,1.0,0.0,0.0
e881b650,singleturn,1.0,1.0,1.0,,,
e881b650,editing,,,,1.0,1.0,1.0
e881b650,expansion,,,,1.0,1.0,1.0
e881b650,refactor,,,,1.0,1.0,1.0
56a56e93,singleturn,1.0,1.0,1.0,,,
56a56e93,editing,,,,1.0,1.0,1.0
56a56e93,expansion,,,,1.0,1.0,1.0
56a56e93,refactor,,,,1.0,1.0,1.0
d5d8b09f,singleturn,0.0,0.0,0.0,,,
d5d8b09f,editing,,,,0.0,0.0,0.0
d5d8b09f,expansion,,,,0.0,0.0,0.0
d5d8b09f,refactor,,,,0.0,0.0,0.0
1bdcd59f,singleturn,1.0,0.0,0.0,,,
1bdcd59f,editing,,,,1.0,0.0,0.0
1bdcd59f,expansion,,,,1.0,0.0,0.0
1bdcd59f,refactor,,,,1.0,1.0,1.0
c18f69d5,singleturn,1.0,0.0,0.0,,,
c18f69d5,editing,,,,1.0,0.0,0.0
c18f69d5,expansion,,,,0.0,1.0,0.0
c18f69d5,refactor,,,,1.0,0.0,0.0
ef2152da,singleturn,1.0,1.0,1.0,,,
ef2152da,editing,,,,1.0,1.0,1.0
ef2152da,expansion,,,,1.0,1.0,1.0
ef2152da,refactor,,,,1.0,1.0,1.0
14c9b529,singleturn,1.0,1.0,1.0,,,
14c9b529,editing,,,,1.0,0.0,0.0
14c9b529,expansion,,,,0.0,1.0,0.0
14c9b529,refactor,,,,1.0,1.0,1.0
f08a151e,singleturn,0.0,0.0,0.0,,,
f08a151e,editing,,,,0.0,0.0,0.0
f08a151e,expansion,,,,0.0,0.0,0.0
f08a151e,refactor,,,,0.0,0.0,0.0
0a0b19a7,singleturn,1.0,1.0,1.0,,,
0a0b19a7,editing,,,,1.0,1.0,1.0
0a0b19a7,expansion,,,,0.0,0.0,0.0
0a0b19a7,refactor,,,,1.0,1.0,1.0
c275dc69,singleturn,0.0,1.0,0.0,,,
c275dc69,editing,,,,0.0,1.0,0.0
c275dc69,expansion,,,,0.0,1.0,0.0
c275dc69,refactor,,,,0.0,1.0,0.0
2ca2ffb2,singleturn,1.0,1.0,1.0,,,
2ca2ffb2,editing,,,,1.0,1.0,1.0
2ca2ffb2,expansion,,,,1.0,1.0,1.0
2ca2ffb2,refactor,,,,1.0,1.0,1.0
d15389bf,singleturn,1.0,1.0,1.0,,,
d15389bf,editing,,,,1.0,1.0,1.0
d15389bf,expansion,,,,1.0,1.0,1.0
d15389bf,refactor,,,,1.0,1.0,1.0
0283b6db,singleturn,0.0,1.0,0.0,,,
0283b6db,editing,,,,0.0,1.0,0.0
0283b6db,expansion,,,,0.0,1.0,0.0
0283b6db,refactor,,,,0.0,1.0,0.0
febf2d61,singleturn,1.0,1.0,1.0,,,
febf2d61,editing,,,,1.0,1.0,1.0
febf2d61,expansion,,,,1.0,1.0,1.0
febf2d61,refactor,,,,1.0,1.0,1.0
f80cb132,singleturn,1.0,1.0,1.0,,,
f80cb132,editing,,,,0.0,0.0,0.0
f80cb132,expansion,,,,1.0,1.0,1.0
f80cb132,refactor,,,,1.0,1.0,1.0
57673ea8,singleturn,1.0,1.0,1.0,,,
57673ea8,editing,,,,1.0,1.0,1.0
57673ea8,expansion,,,,1.0,0.0,0.0
57673ea8,refactor,,,,1.0,1.0,1.0
b00372d8,singleturn,0.0,1.0,0.0,,,
b00372d8,editing,,,,1.0,1.0,1.0
b00372d8,expansion,,,,1.0,1.0,1.0
b00372d8,refactor,,,,0.0,1.0,0.0
30f9610b,singleturn,1.0,0.0,0.0,,,
30f9610b,editing,,,,1.0,0.0,0.0
30f9610b,expansion,,,,1.0,0.0,0.0
30f9610b,refactor,,,,1.0,0.0,0.0
bf4e9bf5,singleturn,1.0,1.0,1.0,,,
bf4e9bf5,editing,,,,1.0,1.0,1.0
bf4e9bf5,expansion,,,,1.0,1.0,1.0
bf4e9bf5,refactor,,,,1.0,1.0,1.0
31a7cd29,singleturn,0.0,0.0,0.0,,,
31a7cd29,editing,,,,0.0,0.0,0.0
31a7cd29,expansion,,,,0.0,0.0,0.0
31a7cd29,refactor,,,,0.0,0.0,0.0
e4e12786,singleturn,0.0,1.0,0.0,,,
e4e12786,editing,,,,0.0,1.0,0.0
e4e12786,expansion,,,,0.0,1.0,0.0
e4e12786,refactor,,,,0.0,1.0,0.0
ffc6ada9,singleturn,0.0,1.0,0.0,,,
ffc6ada9,editing,,,,0.0,1.0,0.0
ffc6ada9,expansion,,,,0.0,1.0,0.0
ffc6ada9,refactor,,,,0.0,1.0,0.0
7455f38e,singleturn,1.0,1.0,1.0,,,
7455f38e,editing,,,,1.0,0.0,0.0
7455f38e,expansion,,,,1.0,1.0,1.0
7455f38e,refactor,,,,1.0,1.0,1.0
076f7590,singleturn,1.0,1.0,1.0,,,
076f7590,editing,,,,1.0,0.0,0.0
076f7590,expansion,,,,1.0,0.0,0.0
076f7590,refactor,,,,1.0,1.0,1.0
b2236a75,singleturn,0.0,0.0,0.0,,,
b2236a75,editing,,,,0.0,1.0,0.0
b2236a75,expansion,,,,0.0,1.0,0.0
b2236a75,refactor,,,,0.0,0.0,0.0
fecfe262,singleturn,1.0,1.0,1.0,,,
fecfe262,editing,,,,1.0,1.0,1.0
fecfe262,expansion,,,,1.0,0.0,0.0
fecfe262,refactor,,,,1.0,1.0,1.0
8b4675f7,singleturn,1.0,1.0,1.0,,,
8b4675f7,editing,,,,1.0,1.0,1.0
8b4675f7,expansion,,,,1.0,1.0,1.0
8b4675f7,refactor,,,,1.0,1.0,1.0
7c6aab34,singleturn,1.0,1.0,1.0,,,
7c6aab34,editing,,,,0.0,0.0,0.0
7c6aab34,expansion,,,,0.0,0.0,0.0
7c6aab34,refactor,,,,1.0,1.0,1.0
875357f6,singleturn,1.0,0.0,0.0,,,
875357f6,editing,,,,1.0,0.0,0.0
875357f6,expansion,,,,0.0,0.0,0.0
875357f6,refactor,,,,0.0,0.0,0.0
ed51911d,singleturn,1.0,1.0,1.0,,,
ed51911d,editing,,,,1.0,1.0,1.0
ed51911d,expansion,,,,1.0,1.0,1.0
ed51911d,refactor,,,,1.0,1.0,1.0
965b5b3f,singleturn,0.0,1.0,0.0,,,
965b5b3f,editing,,,,0.0,1.0,0.0
965b5b3f,expansion,,,,0.0,1.0,0.0
965b5b3f,refactor,,,,0.0,1.0,0.0
0dd288f6,singleturn,1.0,1.0,1.0,,,
0dd288f6,editing,,,,1.0,1.0,1.0
0dd288f6,expansion,,,,0.0,1.0,0.0
0dd288f6,refactor,,,,1.0,1.0,1.0
f6c3dece,singleturn,1.0,0.0,0.0,,,
f6c3dece,editing,,,,1.0,0.0,0.0
f6c3dece,expansion,,,,1.0,0.0,0.0
f6c3dece,refactor,,,,1.0,0.0,0.0
f2055a5d,singleturn,0.0,1.0,0.0,,,
f2055a5d,editing,,,,0.0,1.0,0.0
f2055a5d,expansion,,,,0.0,1.0,0.0
f2055a5d,refactor,,,,0.0,1.0,0.0
ced54987,singleturn,1.0,1.0,1.0,,,
ced54987,editing,,,,0.0,1.0,0.0
ced54987,expansion,,,,1.0,1.0,1.0
ced54987,refactor,,,,1.0,1.0,1.0
10b87c4c,singleturn,0.0,0.0,0.0,,,
10b87c4c,editing,,,,1.0,0.0,0.0
10b87c4c,expansion,,,,1.0,0.0,0.0
10b87c4c,refactor,,,,0.0,0.0,0.0
3eda0b12,singleturn,1.0,1.0,1.0,,,
3eda0b12,editing,,,,1.0,1.0,1.0
3eda0b12,expansion,,,,1.0,1.0,1.0
3eda0b12,refactor,,,,1.0,1.0,1.0
50f90639,singleturn,1.0,1.0,1.0,,,
50f90639,editing,,,,1.0,1.0,1.0
50f90639,expansion,,,,1.0,1.0,1.0
50f90639,refactor,,,,1.0,1.0,1.0
f8056028,singleturn,1.0,0.0,0.0,,,
f8056028,editing,,,,0.0,1.0,0.0
f8056028,expansion,,,,1.0,0.0,0.0
f8056028,refactor,,,,1.0,0.0,0.0
7382d7a4,singleturn,1.0,1.0,1.0,,,
7382d7a4,editing,,,,0.0,1.0,0.0
7382d7a4,expansion,,,,0.0,0.0,0.0
7382d7a4,refactor,,,,1.0,1.0,1.0
20efe4c1,singleturn,0.0,0.0,0.0,,,
20efe4c1,editing,,,,0.0,0.0,0.0
20efe4c1,expansion,,,,0.0,0.0,0.0
20efe4c1,refactor,,,,0.0,0.0,0.0
17e58630,singleturn,1.0,0.0,0.0,,,
17e58630,editing,,,,1.0,0.0,0.0
17e58630,expansion,,,,0.0,0.0,0.0
17e58630,refactor,,,,1.0,0.0,0.0
6b716e39,singleturn,1.0,1.0,1.0,,,
6b716e39,editing,,,,1.0,1.0,1.0
6b716e39,expansion,,,,1.0,1.0,1.0
6b716e39,refactor,,,,1.0,1.0,1.0
e6bcd00e,singleturn,0.0,1.0,0.0,,,
e6bcd00e,editing,,,,0.0,1.0,0.0
e6bcd00e,expansion,,,,0.0,1.0,0.0
e6bcd00e,refactor,,,,0.0,1.0,0.0
902dee2d,singleturn,1.0,1.0,1.0,,,
902dee2d,editing,,,,0.0,0.0,0.0
902dee2d,expansion,,,,1.0,0.0,0.0
902dee2d,refactor,,,,0.0,0.0,0.0
fa8f0e91,singleturn,1.0,1.0,1.0,,,
fa8f0e91,editing,,,,1.0,1.0,1.0
fa8f0e91,expansion,,,,1.0,0.0,0.0
fa8f0e91,refactor,,,,1.0,1.0,1.0
da9b6702,singleturn,1.0,0.0,0.0,,,
da9b6702,editing,,,,1.0,0.0,0.0
da9b6702,expansion,,,,0.0,0.0,0.0
da9b6702,refactor,,,,1.0,0.0,0.0
c199caeb,singleturn,1.0,1.0,1.0,,,
c199caeb,editing,,,,1.0,1.0,1.0
c199caeb,expansion,,,,1.0,1.0,1.0
c199caeb,refactor,,,,1.0,1.0,1.0
7690c75a,singleturn,0.0,1.0,0.0,,,
7690c75a,editing,,,,0.0,1.0,0.0
7690c75a,expansion,,,,0.0,1.0,0.0
7690c75a,refactor,,,,0.0,1.0,0.0
00f42e0d,singleturn,1.0,0.0,0.0,,,
00f42e0d,editing,,,,1.0,0.0,0.0
00f42e0d,expansion,,,,1.0,0.0,0.0
00f42e0d,refactor,,,,1.0,0.0,0.0
03cc08b8,singleturn,1.0,1.0,1.0,,,
03cc08b8,editing,,,,0.0,1.0,0.0
03cc08b8,expansion,,,,0.0,1.0,0.0
03cc08b8,refactor,,,,1.0,1.0,1.0
496d9c28,singleturn,0.0,1.0,0.0,,,
496d9c28,editing,,,,0.0,1.0,0.0
496d9c28,expansion,,,,0.0,1.0,0.0
496d9c28,refactor,,,,1.0,1.0,1.0
d9e13807,singleturn,1.0,1.0,1.0,,,
d9e13807,editing,,,,1.0,0.0,0.0
d9e13807,expansion,,,,0.0,1.0,0.0
d9e13807,refactor,,,,1.0,1.0,1.0
92ea0bf3,singleturn,1.0,1.0,1.0,,,
92ea0bf3,editing,,,,0.0,1.0,0.0
92ea0bf3,expansion,,,,0.0,1.0,0.0
92ea0bf3,refactor,,,,1.0,1.0,1.0
0b1a6967,singleturn,1.0,1.0,1.0,,,
0b1a6967,editing,,,,1.0,1.0,1.0
0b1a6967,expansion,,,,0.0,0.0,0.0
0b1a6967,refactor,,,,1.0,1.0,1.0
ab2823db,singleturn,0.0,0.0,0.0,,,
ab2823db,editing,,,,0.0,0.0,0.0
ab2823db,expansion,,,,0.0,0.0,0.0
ab2823db,refactor,,,,0.0,0.0,0.0
a4b9868f,singleturn,0.0,1.0,0.0,,,
a4b9868f,editing,,,,1.0,1.0,1.0
a4b9868f,expansion,,,,1.0,1.0,1.0
a4b9868f,refactor,,,,0.0,1.0,0.0
d0baadfe,singleturn,1.0,1.0,1.0,,,
d0baadfe,editing,,,,0.0,1.0,0.0
d0baadfe,expansion,,,,1.0,1.0,1.0
d0baadfe,refactor,,,,0.0,1.0,0.0
d787e15b,singleturn,1.0,0.0,0.0,,,
d787e15b,editing,,,,1.0,0.0,0.0
d787e15b,expansion,,,,1.0,0.0,0.0
d787e15b,refactor,,,,1.0,0.0,0.0
713fb9a6,singleturn,0.0,1.0,0.0,,,
713fb9a6,editing,,,,0.0,1.0,0.0
713fb9a6,expansion,,,,0.0,1.0,0.0
713fb9a6,refactor,,,,0.0,1.0,0.0
3e71fbde,singleturn,0.0,0.0,0.0,,,
3e71fbde,editing,,,,1.0,0.0,0.0
3e71fbde,expansion,,,,1.0,0.0,0.0
3e71fbde,refactor,,,,1.0,0.0,0.0
441da129,singleturn,1.0,0.0,0.0,,,
441da129,editing,,,,1.0,0.0,0.0
441da129,expansion,,,,0.0,0.0,0.0
441da129,refactor,,,,1.0,0.0,0.0
ed5c4791,singleturn,1.0,1.0,1.0,,,
ed5c4791,editing,,,,1.0,1.0,1.0
ed5c4791,expansion,,,,1.0,1.0,1.0
ed5c4791,refactor,,,,1.0,1.0,1.0
2ed054cc,singleturn,0.0,1.0,0.0,,,
2ed054cc,editing,,,,0.0,1.0,0.0
2ed054cc,expansion,,,,0.0,1.0,0.0
2ed054cc,refactor,,,,0.0,1.0,0.0
c316f2d6,singleturn,1.0,1.0,1.0,,,
c316f2d6,editing,,,,1.0,1.0,1.0
c316f2d6,expansion,,,,1.0,1.0,1.0
c316f2d6,refactor,,,,1.0,1.0,1.0
1bed26d3,singleturn,0.0,0.0,0.0,,,
1bed26d3,editing,,,,0.0,0.0,0.0
1bed26d3,expansion,,,,0.0,0.0,0.0
1bed26d3,refactor,,,,0.0,0.0,0.0
01976ec2,singleturn,0.0,0.0,0.0,,,
01976ec2,editing,,,,0.0,1.0,0.0
01976ec2,expansion,,,,0.0,0.0,0.0
01976ec2,refactor,,,,0.0,0.0,0.0
9f6dccd0,singleturn,1.0,1.0,1.0,,,
9f6dccd0,editing,,,,1.0,1.0,1.0
9f6dccd0,expansion,,,,0.0,0.0,0.0
9f6dccd0,refactor,,,,1.0,1.0,1.0
de486b60,singleturn,1.0,0.0,0.0,,,
de486b60,editing,,,,1.0,1.0,1.0
de486b60,expansion,,,,1.0,0.0,0.0
de486b60,refactor,,,,1.0,0.0,0.0
58e460b5,singleturn,1.0,1.0,1.0,,,
58e460b5,editing,,,,1.0,1.0,1.0
58e460b5,expansion,,,,1.0,1.0,1.0
58e460b5,refactor,,,,1.0,1.0,1.0
8ba8c445,singleturn,1.0,1.0,1.0,,,
8ba8c445,editing,,,,1.0,1.0,1.0
8ba8c445,expansion,,,,1.0,1.0,1.0
8ba8c445,refactor,,,,1.0,1.0,1.0
c8bf6f36,singleturn,1.0,1.0,1.0,,,
c8bf6f36,editing,,,,0.0,0.0,0.0
c8bf6f36,expansion,,,,0.0,0.0,0.0
c8bf6f36,refactor,,,,1.0,1.0,1.0
df1af3d7,singleturn,1.0,0.0,0.0,,,
df1af3d7,editing,,,,1.0,0.0,0.0
df1af3d7,expansion,,,,1.0,0.0,0.0
df1af3d7,refactor,,,,1.0,0.0,0.0
2e4cc511,singleturn,1.0,1.0,1.0,,,
2e4cc511,editing,,,,1.0,1.0,1.0
2e4cc511,expansion,,,,1.0,1.0,1.0
2e4cc511,refactor,,,,1.0,1.0,1.0
11e3c8fc,singleturn,1.0,0.0,0.0,,,
11e3c8fc,editing,,,,1.0,1.0,1.0
11e3c8fc,expansion,,,,1.0,1.0,1.0
11e3c8fc,refactor,,,,0.0,0.0,0.0
e134768a,singleturn,0.0,1.0,0.0,,,
e134768a,editing,,,,0.0,1.0,0.0
e134768a,expansion,,,,0.0,1.0,0.0
e134768a,refactor,,,,0.0,1.0,0.0
6de65d44,singleturn,0.0,0.0,0.0,,,
6de65d44,editing,,,,0.0,0.0,0.0
6de65d44,expansion,,,,0.0,0.0,0.0
6de65d44,refactor,,,,0.0,0.0,0.0
b07a9617,singleturn,0.0,0.0,0.0,,,
b07a9617,editing,,,,0.0,0.0,0.0
b07a9617,expansion,,,,0.0,0.0,0.0
b07a9617,refactor,,,,0.0,0.0,0.0
bf57155c,singleturn,0.0,0.0,0.0,,,
bf57155c,editing,,,,0.0,0.0,0.0
bf57155c,expansion,,,,0.0,0.0,0.0
bf57155c,refactor,,,,0.0,0.0,0.0
144bd9fc,singleturn,1.0,0.0,0.0,,,
144bd9fc,editing,,,,0.0,0.0,0.0
144bd9fc,expansion,,,,0.0,1.0,0.0
144bd9fc,refactor,,,,1.0,1.0,1.0
cdad8027,singleturn,1.0,0.0,0.0,,,
cdad8027,editing,,,,1.0,0.0,0.0
cdad8027,expansion,,,,1.0,0.0,0.0
cdad8027,refactor,,,,1.0,0.0,0.0
a5feb303,singleturn,1.0,1.0,1.0,,,
a5feb303,editing,,,,0.0,0.0,0.0
a5feb303,expansion,,,,1.0,1.0,1.0
a5feb303,refactor,,,,0.0,1.0,0.0
5056b31d,singleturn,1.0,0.0,0.0,,,
5056b31d,editing,,,,0.0,0.0,0.0
5056b31d,expansion,,,,1.0,0.0,0.0
5056b31d,refactor,,,,1.0,0.0,0.0
65a0938e,singleturn,1.0,1.0,1.0,,,
65a0938e,editing,,,,1.0,1.0,1.0
65a0938e,expansion,,,,0.0,1.0,0.0
65a0938e,refactor,,,,1.0,1.0,1.0
511b15ec,singleturn,1.0,1.0,1.0,,,
511b15ec,editing,,,,1.0,1.0,1.0
511b15ec,expansion,,,,1.0,1.0,1.0
511b15ec,refactor,,,,1.0,1.0,1.0
9246d2ca,singleturn,1.0,0.0,0.0,,,
9246d2ca,editing,,,,1.0,0.0,0.0
9246d2ca,expansion,,,,1.0,0.0,0.0
9246d2ca,refactor,,,,1.0,0.0,0.0
548eb704,singleturn,1.0,0.0,0.0,,,
548eb704,editing,,,,1.0,0.0,0.0
548eb704,expansion,,,,1.0,0.0,0.0
548eb704,refactor,,,,1.0,0.0,0.0
ded0eddb,singleturn,0.0,1.0,0.0,,,
ded0eddb,editing,,,,0.0,1.0,0.0
ded0eddb,expansion,,,,0.0,1.0,0.0
ded0eddb,refactor,,,,0.0,1.0,0.0
f9a20828,singleturn,0.0,0.0,0.0,,,
f9a20828,editing,,,,0.0,0.0,0.0
f9a20828,expansion,,,,0.0,0.0,0.0
f9a20828,refactor,,,,0.0,0.0,0.0
dad1f527,singleturn,1.0,1.0,1.0,,,
dad1f527,editing,,,,1.0,1.0,1.0
dad1f527,expansion,,,,1.0,1.0,1.0
dad1f527,refactor,,,,1.0,1.0,1.0
aef1d2c9,singleturn,0.0,0.0,0.0,,,
aef1d2c9,editing,,,,0.0,0.0,0.0
aef1d2c9,expansion,,,,0.0,0.0,0.0
aef1d2c9,refactor,,,,0.0,0.0,0.0
bcb4b76c,singleturn,0.0,0.0,0.0,,,
bcb4b76c,editing,,,,1.0,1.0,1.0
bcb4b76c,expansion,,,,0.0,0.0,0.0
bcb4b76c,refactor,,,,1.0,1.0,1.0
a3fae648,singleturn,1.0,1.0,1.0,,,
a3fae648,editing,,,,0.0,1.0,0.0
a3fae648,expansion,,,,1.0,1.0,1.0
a3fae648,refactor,,,,1.0,1.0,1.0
a0c3674f,singleturn,1.0,1.0,1.0,,,
a0c3674f,editing,,,,1.0,1.0,1.0
a0c3674f,expansion,,,,1.0,1.0,1.0
a0c3674f,refactor,,,,1.0,1.0,1.0
6607173e,singleturn,1.0,1.0,1.0,,,
6607173e,editing,,,,1.0,1.0,1.0
6607173e,expansion,,,,1.0,1.0,1.0
6607173e,refactor,,,,1.0,1.0,1.0
afbc3200,singleturn,1.0,1.0,1.0,,,
afbc3200,editing,,,,1.0,1.0,1.0
afbc3200,expansion,,,,1.0,0.0,0.0
afbc3200,refactor,,,,0.0,0.0,0.0
cb76bb9b,singleturn,1.0,1.0,1.0,,,
cb76bb9b,editing,,,,1.0,1.0,1.0
cb76bb9b,expansion,,,,0.0,0.0,0.0
cb76bb9b,refactor,,,,1.0,1.0,1.0
4bc6fe9c,singleturn,1.0,0.0,0.0,,,
4bc6fe9c,editing,,,,1.0,0.0,0.0
4bc6fe9c,expansion,,,,1.0,0.0,0.0
4bc6fe9c,refactor,,,,1.0,0.0,0.0
b90eb35d,singleturn,1.0,0.0,0.0,,,
b90eb35d,editing,,,,0.0,0.0,0.0
b90eb35d,expansion,,,,1.0,0.0,0.0
b90eb35d,refactor,,,,1.0,0.0,0.0
29d7a8e3,singleturn,1.0,1.0,1.0,,,
29d7a8e3,editing,,,,1.0,1.0,1.0
29d7a8e3,expansion,,,,1.0,1.0,1.0
29d7a8e3,refactor,,,,1.0,1.0,1.0
ed3f8f05,singleturn,0.0,1.0,0.0,,,
ed3f8f05,editing,,,,0.0,1.0,0.0
ed3f8f05,expansion,,,,1.0,1.0,1.0
ed3f8f05,refactor,,,,0.0,1.0,0.0
70c7fa57,singleturn,1.0,1.0,1.0,,,
70c7fa57,editing,,,,1.0,0.0,0.0
70c7fa57,expansion,,,,0.0,1.0,0.0
70c7fa57,refactor,,,,1.0,1.0,1.0
57c27def,singleturn,0.0,1.0,0.0,,,
57c27def,editing,,,,0.0,1.0,0.0
57c27def,expansion,,,,0.0,1.0,0.0
57c27def,refactor,,,,0.0,1.0,0.0
992e49f1,singleturn,1.0,1.0,1.0,,,
992e49f1,editing,,,,1.0,0.0,0.0
992e49f1,expansion,,,,1.0,1.0,1.0
992e49f1,refactor,,,,1.0,1.0,1.0
2689e6ec,singleturn,1.0,1.0,1.0,,,
2689e6ec,editing,,,,0.0,1.0,0.0
2689e6ec,expansion,,,,1.0,1.0,1.0
2689e6ec,refactor,,,,1.0,1.0,1.0
dbf8d044,singleturn,1.0,1.0,1.0,,,
dbf8d044,editing,,,,1.0,1.0,1.0
dbf8d044,expansion,,,,1.0,1.0,1.0
dbf8d044,refactor,,,,1.0,1.0,1.0
bcccae35,singleturn,0.0,0.0,0.0,,,
bcccae35,editing,,,,0.0,0.0,0.0
bcccae35,expansion,,,,0.0,0.0,0.0
bcccae35,refactor,,,,0.0,0.0,0.0
149ad2b9,singleturn,0.0,0.0,0.0,,,
149ad2b9,editing,,,,0.0,1.0,0.0
149ad2b9,expansion,,,,0.0,1.0,0.0
149ad2b9,refactor,,,,0.0,0.0,0.0
b58b31ca,singleturn,1.0,1.0,1.0,,,
b58b31ca,editing,,,,1.0,1.0,1.0
b58b31ca,expansion,,,,1.0,0.0,0.0
b58b31ca,refactor,,,,1.0,1.0,1.0
e908058a,singleturn,1.0,1.0,1.0,,,
e908058a,editing,,,,1.0,1.0,1.0
e908058a,expansion,,,,0.0,1.0,0.0
e908058a,refactor,,,,1.0,1.0,1.0
96700ced,singleturn,1.0,1.0,1.0,,,
96700ced,editing,,,,1.0,0.0,0.0
96700ced,expansion,,,,1.0,1.0,1.0
96700ced,refactor,,,,1.0,0.0,0.0
c364946e,singleturn,1.0,1.0,1.0,,,
c364946e,editing,,,,1.0,1.0,1.0
c364946e,expansion,,,,0.0,1.0,0.0
c364946e,refactor,,,,1.0,1.0,1.0
cbe9ae23,singleturn,1.0,1.0,1.0,,,
cbe9ae23,editing,,,,0.0,0.0,0.0
cbe9ae23,expansion,,,,0.0,0.0,0.0
cbe9ae23,refactor,,,,0.0,0.0,0.0
717a825b,singleturn,0.0,1.0,0.0,,,
717a825b,editing,,,,1.0,1.0,1.0
717a825b,expansion,,,,1.0,1.0,1.0
717a825b,refactor,,,,0.0,1.0,0.0
949757a1,singleturn,1.0,1.0,1.0,,,
949757a1,editing,,,,1.0,1.0,1.0
949757a1,expansion,,,,1.0,1.0,1.0
949757a1,refactor,,,,0.0,1.0,0.0
b2647d30,singleturn,1.0,1.0,1.0,,,
b2647d30,editing,,,,1.0,1.0,1.0
b2647d30,expansion,,,,0.0,1.0,0.0
b2647d30,refactor,,,,1.0,1.0,1.0
7bf02858,singleturn,1.0,1.0,1.0,,,
7bf02858,editing,,,,1.0,1.0,1.0
7bf02858,expansion,,,,1.0,1.0,1.0
7bf02858,refactor,,,,1.0,1.0,1.0
c73fc464,singleturn,1.0,1.0,1.0,,,
c73fc464,editing,,,,0.0,0.0,0.0
c73fc464,expansion,,,,1.0,1.0,1.0
c73fc464,refactor,,,,1.0,1.0,1.0
3ad3b36d,singleturn,0.0,0.0,0.0,,,
3ad3b36d,editing,,,,0.0,0.0,0.0
3ad3b36d,expansion,,,,0.0,0.0,0.0
3ad3b36d,refactor,,,,0.0,0.0,0.0
ab475d2a,singleturn,0.0,1.0,0.0,,,
ab475d2a,editing,,,,0.0,1.0,0.0
ab475d2a,expansion,,,,0.0,1.0,0.0
ab475d2a,refactor,,,,0.0,1.0,0.0
5d0175fc,singleturn,1.0,0.0,0.0,,,
5d0175fc,editing,,,,1.0,0.0,0.0
5d0175fc,expansion,,,,1.0,0.0,0.0
5d0175fc,refactor,,,,1.0,0.0,0.0
938d062c,singleturn,1.0,1.0,1.0,,,
938d062c,editing,,,,1.0,1.0,1.0
938d062c,expansion,,,,0.0,1.0,0.0
938d062c,refactor,,,,0.0,1.0,0.0
3a444f3b,singleturn,1.0,1.0,1.0,,,
3a444f3b,editing,,,,1.0,1.0,1.0
3a444f3b,expansion,,,,1.0,1.0,1.0
3a444f3b,refactor,,,,1.0,1.0,1.0
f171a3e6,singleturn,0.0,0.0,0.0,,,
f171a3e6,editing,,,,0.0,0.0,0.0
f171a3e6,expansion,,,,0.0,0.0,0.0
f171a3e6,refactor,,,,0.0,0.0,0.0
2b9d1b1e,singleturn,1.0,1.0,1.0,,,
2b9d1b1e,editing,,,,0.0,1.0,0.0
2b9d1b1e,expansion,,,,0.0,1.0,0.0
2b9d1b1e,refactor,,,,1.0,1.0,1.0
66e6c9f8,singleturn,0.0,1.0,0.0,,,
66e6c9f8,editing,,,,0.0,1.0,0.0
66e6c9f8,expansion,,,,0.0,1.0,0.0
66e6c9f8,refactor,,,,0.0,1.0,0.0
c9225fbf,singleturn,0.0,0.0,0.0,,,
c9225fbf,editing,,,,0.0,0.0,0.0
c9225fbf,expansion,,,,1.0,1.0,1.0
c9225fbf,refactor,,,,0.0,0.0,0.0
4d5d343b,singleturn,0.0,0.0,0.0,,,
4d5d343b,editing,,,,0.0,0.0,0.0
4d5d343b,expansion,,,,0.0,0.0,0.0
4d5d343b,refactor,,,,0.0,0.0,0.0
be5927bf,singleturn,1.0,1.0,1.0,,,
be5927bf,editing,,,,0.0,0.0,0.0
be5927bf,expansion,,,,1.0,1.0,1.0
be5927bf,refactor,,,,1.0,1.0,1.0
0491aaf8,singleturn,1.0,0.0,0.0,,,
0491aaf8,editing,,,,1.0,0.0,0.0
0491aaf8,expansion,,,,1.0,0.0,0.0
0491aaf8,refactor,,,,1.0,1.0,1.0
aa4af249,singleturn,0.0,1.0,0.0,,,
aa4af249,editing,,,,0.0,1.0,0.0
aa4af249,expansion,,,,1.0,0.0,0.0
aa4af249,refactor,,,,1.0,0.0,0.0
3c8dd0d3,singleturn,0.0,0.0,0.0,,,
3c8dd0d3,editing,,,,0.0,0.0,0.0
3c8dd0d3,expansion,,,,0.0,0.0,0.0
3c8dd0d3,refactor,,,,0.0,0.0,0.0
055122e8,singleturn,1.0,0.0,0.0,,,
055122e8,editing,,,,1.0,0.0,0.0
055122e8,expansion,,,,0.0,1.0,0.0
055122e8,refactor,,,,1.0,0.0,0.0
81c9c12f,singleturn,1.0,1.0,1.0,,,
81c9c12f,editing,,,,0.0,0.0,0.0
81c9c12f,expansion,,,,0.0,0.0,0.0
81c9c12f,refactor,,,,1.0,1.0,1.0
01a26dff,singleturn,1.0,0.0,0.0,,,
01a26dff,editing,,,,1.0,0.0,0.0
01a26dff,expansion,,,,1.0,0.0,0.0
01a26dff,refactor,,,,1.0,0.0,0.0
27494fba,singleturn,1.0,1.0,1.0,,,
27494fba,editing,,,,1.0,1.0,1.0
27494fba,expansion,,,,1.0,1.0,1.0
27494fba,refactor,,,,1.0,1.0,1.0
8a35c861,singleturn,0.0,0.0,0.0,,,
8a35c861,editing,,,,0.0,0.0,0.0
8a35c861,expansion,,,,0.0,0.0,0.0
8a35c861,refactor,,,,0.0,0.0,0.0
edbdf099,singleturn,1.0,1.0,1.0,,,
edbdf099,editing,,,,0.0,1.0,0.0
edbdf099,expansion,,,,0.0,1.0,0.0
edbdf099,refactor,,,,0.0,1.0,0.0
a55fd533,singleturn,0.0,0.0,0.0,,,
a55fd533,editing,,,,0.0,0.0,0.0
a55fd533,expansion,,,,0.0,0.0,0.0
a55fd533,refactor,,,,0.0,1.0,0.0
a7696e91,singleturn,0.0,1.0,0.0,,,
a7696e91,editing,,,,0.0,0.0,0.0
a7696e91,expansion,,,,0.0,1.0,0.0
a7696e91,refactor,,,,0.0,1.0,0.0
4fc0658e,singleturn,1.0,0.0,0.0,,,
4fc0658e,editing,,,,1.0,1.0,1.0
4fc0658e,expansion,,,,1.0,0.0,0.0
4fc0658e,refactor,,,,1.0,0.0,0.0
